id;label;date;importance;commentaire;incident_present;arret_travail;created_at;updated_at;created_by;created_by_user_login;updated_by;updated_by_user_login;work_order_id
1;User-centric Circles;2026-03-11;Fresh Refined;Maine Bedfordshire;false;true;2026-03-12T11:17:16;2026-03-11T22:49:27;deposit;4th Islands;Jewelery Industrial transmitting;system reciprocal USB;1
2;green;2026-03-11;Mississippi Credit Account;Shilling Sahara Avon;true;false;2026-03-12T08:33:59;2026-03-11T17:03:42;Toys;Shoes Persistent Designer;synergies Berkshire Garden;calculate;2
3;connect;2026-03-11;convergence AGP access;Officer Slovenia Ways;false;false;2026-03-11T19:32:13;2026-03-11T21:58:23;SCSI Senior;Mozambique;override;Corporate red Planner;3
4;Chicken;2026-03-11;parsing zero;Jordanian blockchains;true;false;2026-03-12T10:39:52;2026-03-11T18:48:11;architectures;indexing;Circle;strategize Berkshire open;4
5;override;2026-03-11;Buckinghamshire target;incubate mobile;false;true;2026-03-11T18:48:07;2026-03-11T22:11:09;Berkshire Wooden Handcrafted;synergy Loan Games;interfaces;Mobility edge Tuna;5
6;programming Cotton;2026-03-12;Buckinghamshire Intranet Buckinghamshire;open-source;true;false;2026-03-12T02:57:24;2026-03-12T01:21:37;Malaysia;infrastructures;Visionary;Ball;6
7;PCI;2026-03-11;Usability;Car FTP Unbranded;true;true;2026-03-12T00:59:11;2026-03-11T18:06:13;Human Checking Direct;embrace Money Tennessee;granular Texas;quantifying Representative Account;7
8;mobile;2026-03-12;Lights;invoice;false;true;2026-03-12T03:35:29;2026-03-11T20:43:15;invoice generating Pants;Planner tolerance;Strategist quantifying;Designer Total generate;8
9;global Human;2026-03-12;white Liechtenstein;efficient copy defect;false;false;2026-03-12T12:02:16;2026-03-12T00:02:29;Handmade Gorgeous;COM Soft Cliffs;extensible alliance;Usability;9
10;Avon Texas administration;2026-03-11;Generic;Handmade;false;true;2026-03-12T05:32:17;2026-03-12T07:22:52;auxiliary application Indiana;sensor Point input;intuitive;AGP Ridges;10
