id;client_id;affaire_id;demandeur_contact_id;vehicule_id;ot_externe_id;valideur_id;valideur_user_login;date_heure_debut_prev;date_heure_fin_prev;date_heure_debut_reel;date_heure_fin_reel;mission_de_nuit;nombre_nuits;hebergement;nombre_hebergements;remarque;num_fiche_intervention;statut;materiel_utilise;created_at;updated_at;created_by;created_by_user_login;updated_by;updated_by_user_login
1;35455;42718;75948;76274;37515;microchip;responsive interface;2026-03-11T18:32:20;2026-03-12T09:32:28;2026-03-12T02:01:35;2026-03-12T03:52:15;false;51159;true;25592;Operative infrastructures Security;Auto interface Reduced;ValidationTechnique;Future;2026-03-11T21:26:29;2026-03-11T19:16:58;Dong input Communications;Hat Metal;mindshare;Dollar
2;31041;21798;80367;58340;9259;Lead Brand;Soap Centralized navigating;2026-03-12T07:39:23;2026-03-12T11:58:26;2026-03-12T04:51:12;2026-03-12T05:24:13;false;62054;false;48263;Oklahoma;Data;VerificationWO;Cotton Consultant Practical;2026-03-12T07:05:44;2026-03-12T03:29:07;Corporate Coordinator bypassing;Cloned e-commerce;ROI auxiliary;Multi-lateral Cotton Chief
3;10094;72526;35654;87018;18486;clear-thinking Automotive;Cove lavender;2026-03-12T08:27:58;2026-03-12T00:52:24;2026-03-11T18:43:30;2026-03-11T14:54:03;true;76999;false;52956;digital;Extended;Fin;Cheese magenta system;2026-03-12T03:24:07;2026-03-11T14:49:07;Customer fault-tolerant;Usability Licensed Gloves;Frozen;invoice Buckinghamshire Samoa
4;79025;21720;87449;57572;63685;Plastic;circuit;2026-03-11T16:26:31;2026-03-11T23:33:06;2026-03-12T00:41:58;2026-03-12T11:46:21;false;15342;false;30570;pixel Customer;frictionless Intelligent;Fin;Industrial;2026-03-12T06:29:17;2026-03-11T18:53:39;protocol overriding withdrawal;Jersey;Chief SDD Bacon;deposit Identity Hat
5;78075;23564;72346;69092;49141;Investment Minnesota;cyan Towels;2026-03-11T20:40:11;2026-03-12T03:13:57;2026-03-11T19:03:55;2026-03-11T15:54:00;true;56358;true;71995;auxiliary Cambridgeshire Rubber;Ways Beauty Games;ExecutionTravaux;connecting;2026-03-12T03:29:32;2026-03-12T08:13:06;Enhanced Andorra Facilitator;Credit monitor Florida;GB enable;CSS up
6;71261;61392;22141;9537;33169;Baby payment Assistant;Arabia;2026-03-11T18:12:35;2026-03-11T14:39:00;2026-03-11T22:35:22;2026-03-12T00:20:33;true;62279;false;30088;Path back-end Principal;IB;ExecutionTravaux;transmit Bahraini;2026-03-11T15:13:15;2026-03-11T19:00:20;Paradigm;Hawaii Concrete withdrawal;Personal FTP Accountability;Keyboard needs-based Pizza
7;40714;6982;50489;77207;38274;back-end bluetooth;interface Small;2026-03-12T05:12:48;2026-03-12T03:31:17;2026-03-12T08:03:32;2026-03-12T01:07:52;true;26730;false;54891;Frozen evolve;cultivate Paradigm;ValidationTechnique;firewall;2026-03-11T23:48:59;2026-03-11T16:22:25;invoice;Loan International;Lari Poland;synthesizing
8;8086;56241;24121;11288;92795;Fresh;maximize Markets Georgia;2026-03-12T01:38:11;2026-03-12T04:26:16;2026-03-11T13:31:46;2026-03-11T18:59:01;false;86632;true;84214;open-source encryption fuchsia;bypassing;VerificationWO;stable USB;2026-03-12T00:10:48;2026-03-12T03:25:07;Account state;Rubber Specialist Chips;Division;withdrawal
9;19033;31481;35737;69827;80010;synergize modular;capacitor Manager networks;2026-03-11T21:17:40;2026-03-12T03:26:09;2026-03-11T21:41:41;2026-03-12T08:06:04;true;71132;false;73838;Avon Developer;Compatible;Creation;Self-enabling Front-line;2026-03-11T16:47:20;2026-03-12T04:33:25;online;SCSI;cyan back-end dot-com;Principal blue Account
10;42894;69926;22720;10528;85786;paradigms;Dynamic;2026-03-11T19:31:18;2026-03-12T01:55:20;2026-03-11T18:01:16;2026-03-12T13:06:53;false;22995;false;22986;paradigms;neural Product Outdoors;ExecutionTravaux;Factors purple;2026-03-12T03:44:16;2026-03-12T01:01:46;recontextualize;Loan Inlet Architect;Idaho Licensed Garden;Mission
